"No.","Time","Source","Destination","Protocol","Length","Rank","Sequence Number","DODAGID","Info"
"1","0.000000","fe80::212:4b00:1665:2a04","ff02::1a","ICMPv6","27","","13","","RPL Control (DODAG Information Solicitation)"
"2","2.219759","fe80::212:4b00:1193:101","ff02::1a","ICMPv6","97","460","233","","RPL Control (DODAG Information Object)"
"3","2.429540","fe80::212:4b00:1665:3283","ff02::1a","ICMPv6","97","128","60","","RPL Control (DODAG Information Object)"
"4","2.505736","fe80::212:4b00:1665:2a04","fe80::212:4b00:1193:101","ICMPv6","76","","14","fd00::212:4b00:1665:3283","RPL Control (Destination Advertisement Object)"
"5","2.506132","","","IEEE 802.15.4","5","","14","","Ack"
"6","2.819322","fe80::212:4b00:1665:2a04","fe80::212:4b00:1665:3283","ICMPv6","102","512","15","","RPL Control (DODAG Information Object)"
"7","2.819491","","","IEEE 802.15.4","5","","15","","Ack"
"8","4.034390","fe80::212:4b00:1192:fd83","ff02::1a","ICMPv6","97","260","84","","RPL Control (DODAG Information Object)"
"9","4.170910","fe80::212:4b00:1665:2a04","fe80::212:4b00:1665:3283","ICMPv6","102","448","16","","RPL Control (DODAG Information Object)"
"10","4.171392","","","IEEE 802.15.4","5","","16","","Ack"
"11","4.455925","fe80::212:4b00:1665:2a04","ff02::1a","ICMPv6","97","448","17","","RPL Control (DODAG Information Object)"
"12","6.164777","fe80::212:4b00:1665:2a04","fe80::212:4b00:1665:3283","ICMPv6","76","","18","fd00::212:4b00:1665:3283","RPL Control (Destination Advertisement Object)"
"13","6.165356","","","IEEE 802.15.4","5","","18","","Ack"
"14","6.390295","fe80::212:4b00:1665:2a04","fe80::212:4b00:1665:3283","ICMPv6","102","400","19","","RPL Control (DODAG Information Object)"
"15","6.390735","","","IEEE 802.15.4","5","","19","","Ack"
"16","7.499954","fe80::212:4b00:1192:fd83","fe80::212:4b00:1665:3283","ICMPv6","76","","85","fd00::212:4b00:1665:3283","RPL Control (Destination Advertisement Object)"
"17","7.500367","","","IEEE 802.15.4","5","","85","","Ack"
"18","9.479955","fe80::212:4b00:1192:fd83","ff02::1a","ICMPv6","97","259","86","","RPL Control (DODAG Information Object)"
"19","9.900133","fe80::212:4b00:1193:101","fe80::212:4b00:1192:fd83","ICMPv6","76","","234","fd00::212:4b00:1665:3283","RPL Control (Destination Advertisement Object)"
"20","9.900736","","","IEEE 802.15.4","5","","234","","Ack"
"21","9.945660","fe80::212:4b00:1192:fd83","fe80::212:4b00:1665:3283","ICMPv6","76","","87","fd00::212:4b00:1665:3283","RPL Control (Destination Advertisement Object)"
"22","9.946045","","","IEEE 802.15.4","5","","87","","Ack"
"23","12.075263","fe80::212:4b00:1665:3283","ff02::1a","ICMPv6","97","128","61","","RPL Control (DODAG Information Object)"
"24","12.195263","fe80::212:4b00:1193:101","ff02::1a","ICMPv6","97","450","235","","RPL Control (DODAG Information Object)"
"25","12.615432","fe80::212:4b00:1193:101","fe80::212:4b00:1665:2a04","ICMPv6","102","450","236","","RPL Control (DODAG Information Object)"
"26","12.615607","","","IEEE 802.15.4","5","","236","","Ack"
"27","14.310976","fe80::212:4b00:1665:2a04","ff02::1a","ICMPv6","97","353","20","","RPL Control (DODAG Information Object)"
"28","15.210975","fe80::212:4b00:1665:2a04","fe80::212:4b00:1665:3283","ICMPv6","76","","21","fd00::212:4b00:1665:3283","RPL Control (Destination Advertisement Object)"
"29","15.211493","","","IEEE 802.15.4","5","","21","","Ack"
"30","16.786819","fe80::212:4b00:1192:fd83","fe80::212:4b00:1665:3283","ICMPv6","76","","88","fd00::212:4b00:1665:3283","RPL Control (Destination Advertisement Object)"
"31","16.787340","","","IEEE 802.15.4","5","","88","","Ack"
"32","20.237155","fe80::212:4b00:1192:fd83","fe80::212:4b00:1193:101","ICMPv6","102","257","89","","RPL Control (DODAG Information Object)"
"33","20.237590","","","IEEE 802.15.4","5","","89","","Ack"
"34","22.470986","fe80::212:4b00:1193:101","fe80::212:4b00:1192:fd83","ICMPv6","76","","238","fd00::212:4b00:1665:3283","RPL Control (Destination Advertisement Object)"
"35","22.471288","","","IEEE 802.15.4","5","","238","","Ack"
"36","22.527261","fe80::212:4b00:1192:fd83","fe80::212:4b00:1665:3283","ICMPv6","76","","90","fd00::212:4b00:1665:3283","RPL Control (Destination Advertisement Object)"
"37","22.527648","fe80::212:4b00:1192:fd83","fe80::212:4b00:1665:3283","ICMPv6","76","","90","fd00::212:4b00:1665:3283","RPL Control (Destination Advertisement Object)"
"38","22.556295","fe80::212:4b00:1192:fd83","fe80::212:4b00:1665:3283","ICMPv6","76","","90","fd00::212:4b00:1665:3283","RPL Control (Destination Advertisement Object)"
"39","22.574348","fe80::212:4b00:1192:fd83","fe80::212:4b00:1665:3283","ICMPv6","76","","90","fd00::212:4b00:1665:3283","RPL Control (Destination Advertisement Object)"
"40","22.574753","fe80::212:4b00:1192:fd83","fe80::212:4b00:1665:3283","ICMPv6","76","","90","fd00::212:4b00:1665:3283","RPL Control (Destination Advertisement Object)"
"41","22.601133","fe80::212:4b00:1192:fd83","fe80::212:4b00:1665:3283","ICMPv6","76","","90","fd00::212:4b00:1665:3283","RPL Control (Destination Advertisement Object)"
"42","22.632133","fe80::212:4b00:1192:fd83","fe80::212:4b00:1665:3283","ICMPv6","76","","90","fd00::212:4b00:1665:3283","RPL Control (Destination Advertisement Object)"
"43","22.632517","fe80::212:4b00:1192:fd83","fe80::212:4b00:1665:3283","ICMPv6","76","","90","fd00::212:4b00:1665:3283","RPL Control (Destination Advertisement Object)"
"44","25.571376","fe80::212:4b00:1665:2a04","ff02::1a","ICMPv6","97","343","22","","RPL Control (DODAG Information Object)"
"45","26.066330","fe80::212:4b00:1665:3283","ff02::1a","ICMPv6","97","128","134","","RPL Control (DODAG Information Object)"
"46","32.036831","fe80::212:4b00:1665:3283","ff02::1a","ICMPv6","97","128","135","","RPL Control (DODAG Information Object)"
"47","35.877318","fe80::212:4b00:1192:fd83","fe80::212:4b00:1665:3283","ICMPv6","76","","92","fd00::212:4b00:1665:3283","RPL Control (Destination Advertisement Object)"
"48","35.877457","","","IEEE 802.15.4","5","","92","","Ack"
"49","35.982006","fe80::212:4b00:1665:2a04","fe80::212:4b00:1665:3283","ICMPv6","76","","23","fd00::212:4b00:1665:3283","RPL Control (Destination Advertisement Object)"
"50","35.982239","","","IEEE 802.15.4","5","","23","","Ack"
"51","44.638510","fe80::212:4b00:1665:2a04","fe80::212:4b00:1193:101","ICMPv6","102","334","24","","RPL Control (DODAG Information Object)"
"52","44.638868","","","IEEE 802.15.4","5","","24","","Ack"
"53","47.382996","fe80::212:4b00:1665:3283","ff02::1a","ICMPv6","97","128","136","","RPL Control (DODAG Information Object)"
"54","47.488107","fe80::212:4b00:1193:101","ff02::1a","ICMPv6","97","684","239","","RPL Control (DODAG Information Object)"
"55","50.458474","fe80::212:4b00:1192:fd83","fe80::212:4b00:1665:3283","ICMPv6","76","","93","fd00::212:4b00:1665:3283","RPL Control (Destination Advertisement Object)"
"56","50.458938","","","IEEE 802.15.4","5","","93","","Ack"
"57","50.578625","fe80::212:4b00:1665:2a04","fe80::212:4b00:1665:3283","ICMPv6","76","","25","fd00::212:4b00:1665:3283","RPL Control (Destination Advertisement Object)"
"58","50.579111","","","IEEE 802.15.4","5","","25","","Ack"
"59","53.039153","fe80::212:4b00:1665:2a04","ff02::1a","ICMPv6","97","263","26","","RPL Control (DODAG Information Object)"
"60","53.593609","fe80::212:4b00:1193:101","fe80::212:4b00:1665:2a04","ICMPv6","102","684","240","","RPL Control (DODAG Information Object)"
"61","53.593755","","","IEEE 802.15.4","5","","240","","Ack"
"62","54.523628","fe80::212:4b00:1193:101","fe80::212:4b00:1665:2a04","ICMPv6","102","684","241","","RPL Control (DODAG Information Object)"
"63","54.523789","","","IEEE 802.15.4","5","","241","","Ack"
"64","56.503921","fe80::212:4b00:1193:101","fe80::212:4b00:1665:2a04","ICMPv6","102","684","242","","RPL Control (DODAG Information Object)"
"65","56.504103","","","IEEE 802.15.4","5","","242","","Ack"
"66","56.804466","fe80::212:4b00:1193:101","fe80::212:4b00:1192:fd83","ICMPv6","76","","243","fd00::212:4b00:1665:3283","RPL Control (Destination Advertisement Object)"
"67","56.804960","","","IEEE 802.15.4","5","","243","","Ack"
"68","56.849289","fe80::212:4b00:1192:fd83","fe80::212:4b00:1665:3283","ICMPv6","76","","94","fd00::212:4b00:1665:3283","RPL Control (Destination Advertisement Object)"
"69","56.849440","","","IEEE 802.15.4","5","","94","","Ack"
"70","59.789331","fe80::212:4b00:1193:101","ff02::1a","ICMPv6","97","488","244","","RPL Control (DODAG Information Object)"
"71","59.939086","fe80::212:4b00:1192:fd83","ff02::1a","ICMPv6","97","433","95","","RPL Control (DODAG Information Object)"
"72","60.179395","fe80::212:4b00:1193:101","fe80::212:4b00:1665:2a04","ICMPv6","76","","245","fd00::212:4b00:1665:3283","RPL Control (Destination Advertisement Object)"
"73","60.179921","","","IEEE 802.15.4","5","","245","","Ack"
"74","60.180207","fe80::212:4b00:1665:2a04","fe80::212:4b00:1665:3283","ICMPv6","76","","27","fd00::212:4b00:1665:3283","RPL Control (Destination Advertisement Object)"
"75","60.180497","","","IEEE 802.15.4","5","","27","","Ack"
"76","69.015119","fe80::212:4b00:1193:101","ff02::1a","ICMPv6","97","478","246","","RPL Control (DODAG Information Object)"
"77","78.151553","fe80::212:4b00:1192:fd83","fe80::212:4b00:1665:2a04","ICMPv6","102","433","96","","RPL Control (DODAG Information Object)"
"78","78.182522","fe80::212:4b00:1192:fd83","fe80::212:4b00:1665:2a04","ICMPv6","102","433","96","","RPL Control (DODAG Information Object)"
"79","78.240944","fe80::212:4b00:1192:fd83","fe80::212:4b00:1665:2a04","ICMPv6","102","433","96","","RPL Control (DODAG Information Object)"
"80","78.241131","","","IEEE 802.15.4","5","","96","","Ack"
"81","78.346077","fe80::212:4b00:1193:101","ff02::1a","ICMPv6","97","478","247","","RPL Control (DODAG Information Object)"
"82","79.156454","fe80::212:4b00:1665:3283","ff02::1a","ICMPv6","97","128","137","","RPL Control (DODAG Information Object)"
"83","82.531582","fe80::212:4b00:1665:2a04","fe80::212:4b00:1192:fd83","ICMPv6","102","261","28","","RPL Control (DODAG Information Object)"
"84","82.531781","","","IEEE 802.15.4","5","","28","","Ack"
"85","82.937006","fe80::212:4b00:1665:2a04","fe80::212:4b00:1665:3283","ICMPv6","76","","29","fd00::212:4b00:1665:3283","RPL Control (Destination Advertisement Object)"
"86","82.937398","","","IEEE 802.15.4","5","","29","","Ack"
"87","84.977114","fe80::212:4b00:1192:fd83","fe80::212:4b00:1665:3283","ICMPv6","76","","97","fd00::212:4b00:1665:3283","RPL Control (Destination Advertisement Object)"
"88","84.977578","","","IEEE 802.15.4","5","","97","","Ack"
"89","105.184007","fe80::212:4b00:1193:101","ff02::1a","ICMPv6","97","478","248","","RPL Control (DODAG Information Object)"
"90","108.920774","fe80::212:4b00:1665:2a04","ff02::1a","ICMPv6","97","257","30","","RPL Control (DODAG Information Object)"
"91","114.921286","fe80::212:4b00:1193:101","fe80::212:4b00:1665:2a04","ICMPv6","76","","249","fd00::212:4b00:1665:3283","RPL Control (Destination Advertisement Object)"
"92","114.921686","","","IEEE 802.15.4","5","","249","","Ack"
"93","114.921920","fe80::212:4b00:1665:2a04","fe80::212:4b00:1665:3283","ICMPv6","76","","31","fd00::212:4b00:1665:3283","RPL Control (Destination Advertisement Object)"
"94","114.922197","","","IEEE 802.15.4","5","","31","","Ack"
"95","115.970333","fe80::212:4b00:1193:101","fe80::212:4b00:1192:fd83","ICMPv6","102","463","250","","RPL Control (DODAG Information Object)"
"96","115.970767","","","IEEE 802.15.4","5","","250","","Ack"
"97","116.195409","fe80::212:4b00:1192:fd83","fe80::212:4b00:1665:3283","ICMPv6","76","","98","fd00::212:4b00:1665:3283","RPL Control (Destination Advertisement Object)"
"98","116.195615","","","IEEE 802.15.4","5","","98","","Ack"
"99","121.280772","","","IEEE 802.15.4","5","","99","","Ack"
"100","125.766043","fe80::212:4b00:1192:fd83","ff02::1a","ICMPv6","97","399","100","","RPL Control (DODAG Information Object)"
"101","137.527385","fe80::212:4b00:1665:3283","ff02::1a","ICMPv6","97","128","138","","RPL Control (DODAG Information Object)"
"102","141.293039","fe80::212:4b00:1192:fd83","fe80::212:4b00:1665:3283","ICMPv6","76","","101","fd00::212:4b00:1665:3283","RPL Control (Destination Advertisement Object)"
"103","141.293426","","","IEEE 802.15.4","5","","101","","Ack"
"104","143.228266","fe80::212:4b00:1665:2a04","fe80::212:4b00:1665:3283","ICMPv6","76","","32","fd00::212:4b00:1665:3283","RPL Control (Destination Advertisement Object)"
"105","143.228605","","","IEEE 802.15.4","5","","32","","Ack"
"106","152.814429","fe80::212:4b00:1193:101","ff02::1a","ICMPv6","97","463","251","","RPL Control (DODAG Information Object)"
"107","156.790373","fe80::212:4b00:1665:2a04","fe80::212:4b00:1193:101","ICMPv6","102","266","33","","RPL Control (DODAG Information Object)"
"108","156.790814","","","IEEE 802.15.4","5","","33","","Ack"
"109","162.521896","fe80::212:4b00:1193:101","fe80::212:4b00:1665:2a04","ICMPv6","76","","252","fd00::212:4b00:1665:3283","RPL Control (Destination Advertisement Object)"
"110","162.522287","","","IEEE 802.15.4","5","","252","","Ack"
"111","162.566923","fe80::212:4b00:1665:2a04","fe80::212:4b00:1665:3283","ICMPv6","76","","34","fd00::212:4b00:1665:3283","RPL Control (Destination Advertisement Object)"
"112","162.567348","","","IEEE 802.15.4","5","","34","","Ack"
"113","170.081486","fe80::212:4b00:1192:fd83","fe80::212:4b00:1665:2a04","ICMPv6","102","384","102","","RPL Control (DODAG Information Object)"
"114","170.081916","","","IEEE 802.15.4","5","","102","","Ack"
"115","181.108174","","","IEEE 802.15.4","5","","253","","Ack"
"116","193.934412","fe80::212:4b00:1665:2a04","fe80::212:4b00:1192:fd83","ICMPv6","102","263","35","","RPL Control (DODAG Information Object)"
"117","193.934804","","","IEEE 802.15.4","5","","35","","Ack"
"118","214.561760","fe80::212:4b00:1193:101","fe80::212:4b00:1665:2a04","ICMPv6","102","464","254","","RPL Control (DODAG Information Object)"
"119","214.562041","","","IEEE 802.15.4","5","","254","","Ack"
"120","215.057292","fe80::212:4b00:1192:fd83","fe80::212:4b00:1193:101","ICMPv6","102","384","103","","RPL Control (DODAG Information Object)"
"121","215.057695","","","IEEE 802.15.4","5","","103","","Ack"
"122","227.358392","fe80::212:4b00:1665:3283","ff02::1a","ICMPv6","97","128","139","","RPL Control (DODAG Information Object)"
"123","230.118983","fe80::212:4b00:1192:fd83","fe80::212:4b00:1665:3283","ICMPv6","76","","104","fd00::212:4b00:1665:3283","RPL Control (Destination Advertisement Object)"
"124","230.119510","","","IEEE 802.15.4","5","","104","","Ack"
"125","232.894066","fe80::212:4b00:1665:2a04","fe80::212:4b00:1665:3283","ICMPv6","76","","36","fd00::212:4b00:1665:3283","RPL Control (Destination Advertisement Object)"
"126","232.894219","","","IEEE 802.15.4","5","","36","","Ack"
"127","240.185603","fe80::212:4b00:1665:2a04","fe80::212:4b00:1193:101","ICMPv6","102","262","37","","RPL Control (DODAG Information Object)"
"128","240.186074","","","IEEE 802.15.4","5","","37","","Ack"
"129","245.106053","fe80::212:4b00:1193:101","fe80::212:4b00:1665:2a04","ICMPv6","76","","255","fd00::212:4b00:1665:3283","RPL Control (Destination Advertisement Object)"
"130","245.106376","","","IEEE 802.15.4","5","","255","","Ack"
"131","245.135991","fe80::212:4b00:1665:2a04","fe80::212:4b00:1665:3283","ICMPv6","76","","38","fd00::212:4b00:1665:3283","RPL Control (Destination Advertisement Object)"
"132","245.136603","","","IEEE 802.15.4","5","","38","","Ack"
"133","249.081505","fe80::212:4b00:1665:2a04","ff02::1a","ICMPv6","97","263","39","","RPL Control (DODAG Information Object)"
"134","252.981728","fe80::212:4b00:1192:fd83","ff02::1a","ICMPv6","97","371","105","","RPL Control (DODAG Information Object)"
"135","257.692258","fe80::212:4b00:1193:101","ff02::1a","ICMPv6","97","447","0","","RPL Control (DODAG Information Object)"
"136","259.717763","fe80::212:4b00:1193:101","fe80::212:4b00:1192:fd83","ICMPv6","102","447","1","","RPL Control (DODAG Information Object)"
"137","259.718189","","","IEEE 802.15.4","5","","1","","Ack"
"138","286.736261","fe80::212:4b00:1665:2a04","fe80::212:4b00:1192:fd83","ICMPv6","102","262","40","","RPL Control (DODAG Information Object)"
"139","286.736720","","","IEEE 802.15.4","5","","40","","Ack"
"140","304.198520","fe80::212:4b00:1192:fd83","fe80::212:4b00:1665:2a04","ICMPv6","102","371","106","","RPL Control (DODAG Information Object)"
"141","304.198940","","","IEEE 802.15.4","5","","106","","Ack"
"142","310.499392","fe80::212:4b00:1193:101","fe80::212:4b00:1665:2a04","ICMPv6","102","447","2","","RPL Control (DODAG Information Object)"
"143","310.499839","","","IEEE 802.15.4","5","","2","","Ack"
"144","356.230774","fe80::212:4b00:1192:fd83","fe80::212:4b00:1193:101","ICMPv6","102","371","107","","RPL Control (DODAG Information Object)"
"145","356.231194","","","IEEE 802.15.4","5","","107","","Ack"
"146","361.195187","fe80::212:4b00:1665:2a04","fe80::212:4b00:1192:fd83","ICMPv6","102","261","41","","RPL Control (DODAG Information Object)"
"147","361.195633","","","IEEE 802.15.4","5","","41","","Ack"
"148","391.280317","fe80::212:4b00:1193:101","fe80::212:4b00:1192:fd83","ICMPv6","102","441","3","","RPL Control (DODAG Information Object)"
"149","391.280836","fe80::212:4b00:1193:101","fe80::212:4b00:1192:fd83","ICMPv6","102","441","3","","RPL Control (DODAG Information Object)"
"150","391.309346","","","IEEE 802.15.4","5","","3","","Ack"
"151","395.808122","fe80::212:4b00:1665:2a04","ff02::1a","ICMPv6","97","261","42","","RPL Control (DODAG Information Object)"
"152","406.906456","fe80::212:4b00:1192:fd83","fe80::212:4b00:1665:3283","ICMPv6","102","371","108","","RPL Control (DODAG Information Object)"
"153","426.509440","fe80::212:4b00:1665:2a04","fe80::212:4b00:1193:101","ICMPv6","102","261","43","","RPL Control (DODAG Information Object)"
"154","426.509882","","","IEEE 802.15.4","5","","43","","Ack"
"155","460.617266","fe80::212:4b00:1665:2a04","fe80::212:4b00:1665:3283","ICMPv6","102","264","44","","RPL Control (DODAG Information Object)"
"156","460.617704","","","IEEE 802.15.4","5","","44","","Ack"
"157","461.726428","fe80::212:4b00:1193:101","fe80::212:4b00:1665:2a04","ICMPv6","102","439","4","","RPL Control (DODAG Information Object)"
"158","461.726834","","","IEEE 802.15.4","5","","4","","Ack"
"159","479.395727","fe80::212:4b00:1665:3283","ff02::1a","ICMPv6","97","128","140","","RPL Control (DODAG Information Object)"
"160","481.570791","fe80::212:4b00:1192:fd83","fe80::212:4b00:1665:3283","ICMPv6","76","","109","fd00::212:4b00:1665:3283","RPL Control (Destination Advertisement Object)"
"161","481.571308","","","IEEE 802.15.4","5","","109","","Ack"
"162","481.946906","fe80::212:4b00:1665:2a04","fe80::212:4b00:1665:3283","ICMPv6","76","","45","fd00::212:4b00:1665:3283","RPL Control (Destination Advertisement Object)"
"163","481.947472","","","IEEE 802.15.4","5","","45","","Ack"
"164","486.280538","fe80::212:4b00:1192:fd83","ff02::1a","ICMPv6","97","348","110","","RPL Control (DODAG Information Object)"
"165","489.417522","fe80::212:4b00:1192:fd83","fe80::212:4b00:1665:2a04","ICMPv6","102","348","111","","RPL Control (DODAG Information Object)"
"166","489.418053","fe80::212:4b00:1192:fd83","fe80::212:4b00:1665:2a04","ICMPv6","102","348","111","","RPL Control (DODAG Information Object)"
"167","489.445114","fe80::212:4b00:1192:fd83","fe80::212:4b00:1665:2a04","ICMPv6","102","348","111","","RPL Control (DODAG Information Object)"
"168","489.445247","","","IEEE 802.15.4","5","","111","","Ack"
"169","521.515726","fe80::212:4b00:1665:2a04","fe80::212:4b00:1192:fd83","ICMPv6","102","257","46","","RPL Control (DODAG Information Object)"
"170","521.516171","","","IEEE 802.15.4","5","","46","","Ack"
"171","526.839623","fe80::212:4b00:1193:101","ff02::1a","ICMPv6","97","434","5","","RPL Control (DODAG Information Object)"
"172","543.235068","fe80::212:4b00:1193:101","fe80::212:4b00:1192:fd83","ICMPv6","102","434","6","","RPL Control (DODAG Information Object)"
"173","543.235508","","","IEEE 802.15.4","5","","6","","Ack"
"174","558.685639","fe80::212:4b00:1665:2a04","fe80::212:4b00:1193:101","ICMPv6","102","266","47","","RPL Control (DODAG Information Object)"
"175","558.686080","","","IEEE 802.15.4","5","","47","","Ack"
"176","561.070383","fe80::212:4b00:1193:101","fe80::212:4b00:1665:2a04","ICMPv6","76","","7","fd00::212:4b00:1665:3283","RPL Control (Destination Advertisement Object)"
"177","561.070785","fe80::212:4b00:1193:101","fe80::212:4b00:1665:2a04","ICMPv6","76","","7","fd00::212:4b00:1665:3283","RPL Control (Destination Advertisement Object)"
"178","561.071110","","","IEEE 802.15.4","5","","7","","Ack"
"179","561.115379","fe80::212:4b00:1665:2a04","fe80::212:4b00:1665:3283","ICMPv6","76","","48","fd00::212:4b00:1665:3283","RPL Control (Destination Advertisement Object)"
"180","561.115768","","","IEEE 802.15.4","5","","48","","Ack"
"181","575.682031","fe80::212:4b00:1192:fd83","fe80::212:4b00:1193:101","ICMPv6","102","348","112","","RPL Control (DODAG Information Object)"
"182","575.682503","","","IEEE 802.15.4","5","","112","","Ack"
"183","595.196732","fe80::212:4b00:1193:101","fe80::212:4b00:1192:fd83","ICMPv6","102","460","8","","RPL Control (DODAG Information Object)"
"184","595.197171","","","IEEE 802.15.4","5","","8","","Ack"
"185","607.587751","fe80::212:4b00:1192:fd83","fe80::212:4b00:1665:3283","ICMPv6","102","348","113","","RPL Control (DODAG Information Object)"
"186","607.588195","","","IEEE 802.15.4","5","","113","","Ack"
"187","643.468479","fe80::212:4b00:1192:fd83","fe80::212:4b00:1665:2a04","ICMPv6","102","338","114","","RPL Control (DODAG Information Object)"
"188","643.468734","","","IEEE 802.15.4","5","","114","","Ack"
"189","647.863926","fe80::212:4b00:1665:2a04","fe80::212:4b00:1192:fd83","ICMPv6","102","260","49","","RPL Control (DODAG Information Object)"
"190","647.864360","","","IEEE 802.15.4","5","","49","","Ack"
"191","660.494443","fe80::212:4b00:1193:101","fe80::212:4b00:1665:2a04","ICMPv6","102","460","9","","RPL Control (DODAG Information Object)"
"192","660.494816","","","IEEE 802.15.4","5","","9","","Ack"
"193","699.902379","fe80::212:4b00:1192:fd83","fe80::212:4b00:1193:101","ICMPv6","102","338","115","","RPL Control (DODAG Information Object)"
"194","699.902575","","","IEEE 802.15.4","5","","115","","Ack"
"195","706.038125","fe80::212:4b00:1665:2a04","fe80::212:4b00:1193:101","ICMPv6","102","265","50","","RPL Control (DODAG Information Object)"
"196","706.038269","","","IEEE 802.15.4","5","","50","","Ack"
"197","732.755656","fe80::212:4b00:1193:101","fe80::212:4b00:1192:fd83","ICMPv6","102","452","10","","RPL Control (DODAG Information Object)"
"198","732.756141","","","IEEE 802.15.4","5","","10","","Ack"
"199","736.445915","fe80::212:4b00:1192:fd83","fe80::212:4b00:1665:3283","ICMPv6","102","338","116","","RPL Control (DODAG Information Object)"
"200","736.446421","","","IEEE 802.15.4","5","","116","","Ack"
"201","785.618232","fe80::212:4b00:1192:fd83","fe80::212:4b00:1665:2a04","ICMPv6","102","329","117","","RPL Control (DODAG Information Object)"
"202","785.618374","","","IEEE 802.15.4","5","","117","","Ack"
"203","787.688629","fe80::212:4b00:1665:2a04","fe80::212:4b00:1665:3283","ICMPv6","102","258","51","","RPL Control (DODAG Information Object)"
"204","787.689053","","","IEEE 802.15.4","5","","51","","Ack"
"205","819.746161","fe80::212:4b00:1193:101","fe80::212:4b00:1665:2a04","ICMPv6","102","452","11","","RPL Control (DODAG Information Object)"
"206","819.746290","","","IEEE 802.15.4","5","","11","","Ack"
"207","841.047944","fe80::212:4b00:1192:fd83","fe80::212:4b00:1193:101","ICMPv6","102","329","118","","RPL Control (DODAG Information Object)"
"208","841.048441","","","IEEE 802.15.4","5","","118","","Ack"
"209","844.184493","fe80::212:4b00:1665:2a04","ff02::1a","ICMPv6","97","263","52","","RPL Control (DODAG Information Object)"
"210","852.374331","fe80::212:4b00:1665:2a04","fe80::212:4b00:1192:fd83","ICMPv6","102","263","53","","RPL Control (DODAG Information Object)"
"211","852.374850","","","IEEE 802.15.4","5","","53","","Ack"
"212","874.993592","fe80::212:4b00:1192:fd83","fe80::212:4b00:1665:3283","ICMPv6","102","329","119","","RPL Control (DODAG Information Object)"
"213","874.994102","","","IEEE 802.15.4","5","","119","","Ack"
"214","880.167500","fe80::212:4b00:1192:fd83","ff02::1a","ICMPv6","97","321","120","","RPL Control (DODAG Information Object)"
"215","892.873772","fe80::212:4b00:1193:101","fe80::212:4b00:1192:fd83","ICMPv6","102","444","12","","RPL Control (DODAG Information Object)"
"216","892.874212","","","IEEE 802.15.4","5","","12","","Ack"
"217","905.218570","fe80::212:4b00:1192:fd83","fe80::212:4b00:1665:2a04","ICMPv6","102","321","121","","RPL Control (DODAG Information Object)"
"218","905.219113","","","IEEE 802.15.4","5","","121","","Ack"
"219","912.223415","fe80::212:4b00:1665:2a04","fe80::212:4b00:1192:fd83","ICMPv6","102","262","54","","RPL Control (DODAG Information Object)"
"220","912.223618","","","IEEE 802.15.4","5","","54","","Ack"
"221","937.032928","fe80::212:4b00:1192:fd83","fe80::212:4b00:1193:101","ICMPv6","102","321","122","","RPL Control (DODAG Information Object)"
"222","937.062481","","","IEEE 802.15.4","5","","122","","Ack"
"223","941.202305","fe80::212:4b00:1193:101","fe80::212:4b00:1665:2a04","ICMPv6","102","444","13","","RPL Control (DODAG Information Object)"
"224","941.202442","","","IEEE 802.15.4","5","","13","","Ack"
"225","975.297705","fe80::212:4b00:1665:2a04","fe80::212:4b00:1193:101","ICMPv6","102","265","55","","RPL Control (DODAG Information Object)"
"226","975.297887","","","IEEE 802.15.4","5","","55","","Ack"
"227","981.567988","fe80::212:4b00:1192:fd83","fe80::212:4b00:1665:3283","ICMPv6","102","321","123","","RPL Control (DODAG Information Object)"
"228","981.568412","","","IEEE 802.15.4","5","","123","","Ack"
"229","991.017993","fe80::212:4b00:1665:3283","ff02::1a","ICMPv6","97","128","141","","RPL Control (DODAG Information Object)"
"230","994.979474","fe80::212:4b00:1192:fd83","fe80::212:4b00:1665:3283","ICMPv6","76","","124","fd00::212:4b00:1665:3283","RPL Control (Destination Advertisement Object)"
"231","994.979950","","","IEEE 802.15.4","5","","124","","Ack"
"232","996.298504","fe80::212:4b00:1665:2a04","fe80::212:4b00:1665:3283","ICMPv6","76","","56","fd00::212:4b00:1665:3283","RPL Control (Destination Advertisement Object)"
"233","996.299195","","","IEEE 802.15.4","5","","56","","Ack"
"234","1020.508924","fe80::212:4b00:1193:101","fe80::212:4b00:1192:fd83","ICMPv6","102","440","14","","RPL Control (DODAG Information Object)"
"235","1020.509369","","","IEEE 802.15.4","5","","14","","Ack"
"236","1033.888959","fe80::212:4b00:1193:101","ff02::1a","ICMPv6","97","440","15","","RPL Control (DODAG Information Object)"
"237","1040.669174","fe80::212:4b00:1192:fd83","fe80::212:4b00:1665:2a04","ICMPv6","102","308","125","","RPL Control (DODAG Information Object)"
"238","1040.669524","","","IEEE 802.15.4","5","","125","","Ack"
"239","1043.354980","fe80::212:4b00:1665:2a04","fe80::212:4b00:1192:fd83","ICMPv6","102","262","57","","RPL Control (DODAG Information Object)"
"240","1043.355439","","","IEEE 802.15.4","5","","57","","Ack"
"241","1093.232594","fe80::212:4b00:1665:2a04","fe80::212:4b00:1193:101","ICMPv6","102","257","58","","RPL Control (DODAG Information Object)"
"242","1093.233036","","","IEEE 802.15.4","5","","58","","Ack"
"243","1094.866211","fe80::212:4b00:1193:101","fe80::212:4b00:1665:2a04","ICMPv6","102","432","16","","RPL Control (DODAG Information Object)"
"244","1094.866699","","","IEEE 802.15.4","5","","16","","Ack"
"245","1096.711454","fe80::212:4b00:1193:101","fe80::212:4b00:1665:2a04","ICMPv6","76","","17","fd00::212:4b00:1665:3283","RPL Control (Destination Advertisement Object)"
"246","1096.711841","","","IEEE 802.15.4","5","","17","","Ack"
"247","1096.712071","fe80::212:4b00:1665:2a04","fe80::212:4b00:1665:3283","ICMPv6","76","","59","fd00::212:4b00:1665:3283","RPL Control (Destination Advertisement Object)"
"248","1096.712348","","","IEEE 802.15.4","5","","59","","Ack"
"249","1097.926889","fe80::212:4b00:1192:fd83","fe80::212:4b00:1193:101","ICMPv6","102","308","126","","RPL Control (DODAG Information Object)"
"250","1097.927367","","","IEEE 802.15.4","5","","126","","Ack"
"251","1131.409145","fe80::212:4b00:1192:fd83","fe80::212:4b00:1665:3283","ICMPv6","102","308","127","","RPL Control (DODAG Information Object)"
"252","1131.409581","","","IEEE 802.15.4","5","","127","","Ack"
"253","1145.135647","fe80::212:4b00:1193:101","fe80::212:4b00:1192:fd83","ICMPv6","102","422","18","","RPL Control (DODAG Information Object)"
"254","1145.136118","fe80::212:4b00:1193:101","fe80::212:4b00:1192:fd83","ICMPv6","102","422","18","","RPL Control (DODAG Information Object)"
"255","1145.163735","","","IEEE 802.15.4","5","","18","","Ack"
"256","1155.140210","fe80::212:4b00:1665:2a04","fe80::212:4b00:1192:fd83","ICMPv6","102","257","60","","RPL Control (DODAG Information Object)"
"257","1155.140641","","","IEEE 802.15.4","5","","60","","Ack"
"258","1177.639730","fe80::212:4b00:1193:101","fe80::212:4b00:1665:2a04","ICMPv6","102","422","19","","RPL Control (DODAG Information Object)"
"259","1177.639850","","","IEEE 802.15.4","5","","19","","Ack"
"260","1196.825866","fe80::212:4b00:1192:fd83","fe80::212:4b00:1665:2a04","ICMPv6","102","302","128","","RPL Control (DODAG Information Object)"
"261","1196.826260","","","IEEE 802.15.4","5","","128","","Ack"
"262","1218.216832","fe80::212:4b00:1193:101","fe80::212:4b00:1192:fd83","ICMPv6","102","418","20","","RPL Control (DODAG Information Object)"
"263","1218.217031","","","IEEE 802.15.4","5","","20","","Ack"
"264","1239.263850","fe80::212:4b00:1665:2a04","fe80::212:4b00:1193:101","ICMPv6","102","258","61","","RPL Control (DODAG Information Object)"
"265","1239.264319","","","IEEE 802.15.4","5","","61","","Ack"
"266","1266.624494","fe80::212:4b00:1193:101","fe80::212:4b00:1665:2a04","ICMPv6","102","419","21","","RPL Control (DODAG Information Object)"
"267","1266.624684","","","IEEE 802.15.4","5","","21","","Ack"
"268","1285.031256","fe80::212:4b00:1192:fd83","fe80::212:4b00:1193:101","ICMPv6","102","302","129","","RPL Control (DODAG Information Object)"
"269","1285.031691","","","IEEE 802.15.4","5","","129","","Ack"
"270","1311.222345","fe80::212:4b00:1665:2a04","fe80::212:4b00:1665:3283","ICMPv6","102","261","62","","RPL Control (DODAG Information Object)"
"271","1311.222672","","","IEEE 802.15.4","5","","62","","Ack"
"272","1335.493914","fe80::212:4b00:1193:101","fe80::212:4b00:1192:fd83","ICMPv6","102","415","22","","RPL Control (DODAG Information Object)"
"273","1335.494411","","","IEEE 802.15.4","5","","22","","Ack"
"274","1356.136503","fe80::212:4b00:1192:fd83","fe80::212:4b00:1665:3283","ICMPv6","102","302","130","","RPL Control (DODAG Information Object)"
"275","1356.137057","","","IEEE 802.15.4","5","","130","","Ack"
"276","1385.132128","fe80::212:4b00:1665:2a04","fe80::212:4b00:1192:fd83","ICMPv6","102","265","63","","RPL Control (DODAG Information Object)"
"277","1385.132684","","","IEEE 802.15.4","5","","63","","Ack"
"278","1396.472724","fe80::212:4b00:1193:101","fe80::212:4b00:1665:2a04","ICMPv6","102","415","23","","RPL Control (DODAG Information Object)"
"279","1396.473103","","","IEEE 802.15.4","5","","23","","Ack"
"280","1416.513898","fe80::212:4b00:1192:fd83","fe80::212:4b00:1665:2a04","ICMPv6","102","297","131","","RPL Control (DODAG Information Object)"
"281","1416.514054","","","IEEE 802.15.4","5","","131","","Ack"
"282","1428.379866","fe80::212:4b00:1193:101","fe80::212:4b00:1192:fd83","ICMPv6","102","412","24","","RPL Control (DODAG Information Object)"
"283","1428.380311","","","IEEE 802.15.4","5","","24","","Ack"
"284","1449.936307","fe80::212:4b00:1665:2a04","fe80::212:4b00:1193:101","ICMPv6","102","257","64","","RPL Control (DODAG Information Object)"
"285","1449.936741","","","IEEE 802.15.4","5","","64","","Ack"
"286","1476.818109","fe80::212:4b00:1193:101","fe80::212:4b00:1665:2a04","ICMPv6","102","411","25","","RPL Control (DODAG Information Object)"
"287","1476.818589","","","IEEE 802.15.4","5","","25","","Ack"
"288","1498.165030","fe80::212:4b00:1192:fd83","fe80::212:4b00:1193:101","ICMPv6","102","297","132","","RPL Control (DODAG Information Object)"
"289","1498.165527","","","IEEE 802.15.4","5","","132","","Ack"
"290","1512.805585","fe80::212:4b00:1193:101","fe80::212:4b00:1192:fd83","ICMPv6","102","408","26","","RPL Control (DODAG Information Object)"
"291","1512.806014","","","IEEE 802.15.4","5","","26","","Ack"
"292","1517.585982","fe80::212:4b00:1665:2a04","fe80::212:4b00:1665:3283","ICMPv6","102","262","65","","RPL Control (DODAG Information Object)"
"293","1517.586475","","","IEEE 802.15.4","5","","65","","Ack"
"294","1542.837752","fe80::212:4b00:1193:101","fe80::212:4b00:1665:2a04","ICMPv6","102","408","27","","RPL Control (DODAG Information Object)"
"295","1542.838188","","","IEEE 802.15.4","5","","27","","Ack"
"296","1551.508349","fe80::212:4b00:1192:fd83","fe80::212:4b00:1665:3283","ICMPv6","102","297","133","","RPL Control (DODAG Information Object)"
"297","1551.508773","","","IEEE 802.15.4","5","","133","","Ack"
"298","1585.471746","fe80::212:4b00:1193:101","fe80::212:4b00:1192:fd83","ICMPv6","102","405","28","","RPL Control (DODAG Information Object)"
"299","1585.472189","","","IEEE 802.15.4","5","","28","","Ack"
"300","1587.075913","fe80::212:4b00:1665:2a04","fe80::212:4b00:1192:fd83","ICMPv6","102","264","66","","RPL Control (DODAG Information Object)"
"301","1587.076443","","","IEEE 802.15.4","5","","66","","Ack"
"302","1615.397843","fe80::212:4b00:1665:2a04","ff02::1a","ICMPv6","97","263","67","","RPL Control (DODAG Information Object)"
"303","1623.543182","fe80::212:4b00:1665:3283","ff02::1a","ICMPv6","97","128","142","","RPL Control (DODAG Information Object)"
"304","1625.268544","fe80::212:4b00:1192:fd83","fe80::212:4b00:1665:2a04","ICMPv6","102","292","134","","RPL Control (DODAG Information Object)"
"305","1625.269027","","","IEEE 802.15.4","5","","134","","Ack"
"306","1625.523540","fe80::212:4b00:1193:101","fe80::212:4b00:1665:2a04","ICMPv6","102","405","29","","RPL Control (DODAG Information Object)"
"307","1625.523948","","","IEEE 802.15.4","5","","29","","Ack"
"308","1626.483810","fe80::212:4b00:1665:2a04","fe80::212:4b00:1665:3283","ICMPv6","76","","68","fd00::212:4b00:1665:3283","RPL Control (Destination Advertisement Object)"
"309","1626.484287","","","IEEE 802.15.4","5","","68","","Ack"
"310","1627.548502","fe80::212:4b00:1192:fd83","fe80::212:4b00:1665:3283","ICMPv6","76","","135","fd00::212:4b00:1665:3283","RPL Control (Destination Advertisement Object)"
"311","1627.548638","","","IEEE 802.15.4","5","","135","","Ack"
"312","1636.310592","fe80::212:4b00:1665:2a04","fe80::212:4b00:1193:101","ICMPv6","102","261","69","","RPL Control (DODAG Information Object)"
"313","1636.311024","","","IEEE 802.15.4","5","","69","","Ack"
"314","1641.724776","fe80::212:4b00:1193:101","fe80::212:4b00:1665:2a04","ICMPv6","76","","30","fd00::212:4b00:1665:3283","RPL Control (Destination Advertisement Object)"
"315","1641.725185","","","IEEE 802.15.4","5","","30","","Ack"
"316","1641.754998","fe80::212:4b00:1665:2a04","fe80::212:4b00:1665:3283","ICMPv6","76","","70","fd00::212:4b00:1665:3283","RPL Control (Destination Advertisement Object)"
"317","1641.755413","","","IEEE 802.15.4","5","","70","","Ack"
"318","1667.646643","fe80::212:4b00:1193:101","fe80::212:4b00:1192:fd83","ICMPv6","102","405","31","","RPL Control (DODAG Information Object)"
"319","1667.647118","","","IEEE 802.15.4","5","","31","","Ack"
"320","1669.461503","fe80::212:4b00:1192:fd83","ff02::1a","ICMPv6","97","288","136","","RPL Control (DODAG Information Object)"
"321","1681.237773","fe80::212:4b00:1192:fd83","fe80::212:4b00:1193:101","ICMPv6","102","288","137","","RPL Control (DODAG Information Object)"
"322","1681.238217","","","IEEE 802.15.4","5","","137","","Ack"
"323","1701.849741","fe80::212:4b00:1665:2a04","fe80::212:4b00:1192:fd83","ICMPv6","102","263","71","","RPL Control (DODAG Information Object)"
"324","1701.850179","","","IEEE 802.15.4","5","","71","","Ack"
"325","1706.379520","fe80::212:4b00:1193:101","ff02::1a","ICMPv6","97","405","32","","RPL Control (DODAG Information Object)"
"326","1726.375913","fe80::212:4b00:1193:101","fe80::212:4b00:1665:2a04","ICMPv6","102","405","33","","RPL Control (DODAG Information Object)"
"327","1726.376199","","","IEEE 802.15.4","5","","33","","Ack"
"328","1745.667354","fe80::212:4b00:1192:fd83","fe80::212:4b00:1665:2a04","ICMPv6","102","288","138","","RPL Control (DODAG Information Object)"
"329","1745.667849","","","IEEE 802.15.4","5","","138","","Ack"
"330","1764.691227","fe80::212:4b00:1193:101","fe80::212:4b00:1192:fd83","ICMPv6","102","403","34","","RPL Control (DODAG Information Object)"
"331","1764.691722","fe80::212:4b00:1193:101","fe80::212:4b00:1192:fd83","ICMPv6","102","403","34","","RPL Control (DODAG Information Object)"
"332","1764.715514","fe80::212:4b00:1193:101","fe80::212:4b00:1192:fd83","ICMPv6","102","403","34","","RPL Control (DODAG Information Object)"
"333","1764.715998","fe80::212:4b00:1193:101","fe80::212:4b00:1192:fd83","ICMPv6","102","403","34","","RPL Control (DODAG Information Object)"
"334","1764.758933","fe80::212:4b00:1193:101","fe80::212:4b00:1192:fd83","ICMPv6","102","403","34","","RPL Control (DODAG Information Object)"
"335","1764.759478","fe80::212:4b00:1193:101","fe80::212:4b00:1192:fd83","ICMPv6","102","403","34","","RPL Control (DODAG Information Object)"
"336","1764.788875","fe80::212:4b00:1193:101","fe80::212:4b00:1192:fd83","ICMPv6","102","403","34","","RPL Control (DODAG Information Object)"
"337","1764.818678","fe80::212:4b00:1193:101","fe80::212:4b00:1192:fd83","ICMPv6","102","403","34","","RPL Control (DODAG Information Object)"
"338","1776.639720","fe80::212:4b00:1665:2a04","fe80::212:4b00:1193:101","ICMPv6","102","263","72","","RPL Control (DODAG Information Object)"
"339","1776.640144","","","IEEE 802.15.4","5","","72","","Ack"
"340","1824.763306","fe80::212:4b00:1193:101","fe80::212:4b00:1665:2a04","ICMPv6","102","405","35","","RPL Control (DODAG Information Object)"
"341","1824.763583","","","IEEE 802.15.4","5","","35","","Ack"
"342","1847.385178","fe80::212:4b00:1665:2a04","fe80::212:4b00:1665:3283","ICMPv6","102","261","73","","RPL Control (DODAG Information Object)"
"343","1847.385612","","","IEEE 802.15.4","5","","73","","Ack"
"344","1867.314911","fe80::212:4b00:1193:101","fe80::212:4b00:1192:fd83","ICMPv6","102","403","36","","RPL Control (DODAG Information Object)"
"345","1867.315399","fe80::212:4b00:1193:101","fe80::212:4b00:1192:fd83","ICMPv6","102","403","36","","RPL Control (DODAG Information Object)"
"346","1867.356729","fe80::212:4b00:1193:101","fe80::212:4b00:1192:fd83","ICMPv6","102","403","36","","RPL Control (DODAG Information Object)"
"347","1867.357150","fe80::212:4b00:1193:101","fe80::212:4b00:1192:fd83","ICMPv6","102","403","36","","RPL Control (DODAG Information Object)"
"348","1867.401759","fe80::212:4b00:1193:101","fe80::212:4b00:1192:fd83","ICMPv6","102","403","36","","RPL Control (DODAG Information Object)"
"349","1867.402177","fe80::212:4b00:1193:101","fe80::212:4b00:1192:fd83","ICMPv6","102","403","36","","RPL Control (DODAG Information Object)"
"350","1867.431678","fe80::212:4b00:1193:101","fe80::212:4b00:1192:fd83","ICMPv6","102","403","36","","RPL Control (DODAG Information Object)"
"351","1867.461427","fe80::212:4b00:1193:101","fe80::212:4b00:1192:fd83","ICMPv6","102","403","36","","RPL Control (DODAG Information Object)"
"352","1882.641353","fe80::212:4b00:1665:2a04","fe80::212:4b00:1192:fd83","ICMPv6","102","257","74","","RPL Control (DODAG Information Object)"
"353","1882.641741","fe80::212:4b00:1665:2a04","fe80::212:4b00:1192:fd83","ICMPv6","102","257","74","","RPL Control (DODAG Information Object)"
"354","1882.671443","fe80::212:4b00:1665:2a04","fe80::212:4b00:1192:fd83","ICMPv6","102","257","74","","RPL Control (DODAG Information Object)"
"355","1882.723336","fe80::212:4b00:1665:2a04","fe80::212:4b00:1192:fd83","ICMPv6","102","257","74","","RPL Control (DODAG Information Object)"
"356","1882.723785","fe80::212:4b00:1665:2a04","fe80::212:4b00:1192:fd83","ICMPv6","102","257","74","","RPL Control (DODAG Information Object)"
"357","1882.751478","fe80::212:4b00:1665:2a04","fe80::212:4b00:1192:fd83","ICMPv6","102","257","74","","RPL Control (DODAG Information Object)"
"358","1882.751854","fe80::212:4b00:1665:2a04","fe80::212:4b00:1192:fd83","ICMPv6","102","257","74","","RPL Control (DODAG Information Object)"
"359","1915.301186","fe80::212:4b00:1193:101","fe80::212:4b00:1665:2a04","ICMPv6","102","403","37","","RPL Control (DODAG Information Object)"
"360","1915.301333","","","IEEE 802.15.4","5","","37","","Ack"
"361","1928.591701","fe80::212:4b00:1665:2a04","fe80::212:4b00:1193:101","ICMPv6","102","257","75","","RPL Control (DODAG Information Object)"
"362","1928.592179","","","IEEE 802.15.4","5","","75","","Ack"
